"","gene","baseMean","log2FoldChange","lfcSE","stat","pvalue","padj","sel2_SRR1719013","sel2_SRR1719014","sel2_SRR1719015","sel2_SRR1719016","sel2_SRR1719017","sel2_SRR1719018","sel2_SRR1719204","sel2_SRR1719206","sel2_SRR1719207","sel2_SRR1719208","sel2_SRR1719209","sel2_SRR1719211","sel2_SRR1719212","sel2_SRR1719213","sel2_SRR1719214","sel2_SRR1719241","sel2_SRR1719242","sel2_SRR1719266"
"1","augustus_masked-NW_015504334.1-processed-gene-0.10-mRNA-1",0,NA,NA,NA,NA,NA,0,0,0,0,0,0,0,0,0,0,0,0,0,0,0,0,0,0
"2","augustus_masked-NW_015504334.1-processed-gene-0.13-mRNA-1",16.6474026037707,0.095813171551232,0.26517014284918,0.361327148380077,0.717854901196895,0.835322066847296,18.0692214073992,7.29699081758978,46.9831572189777,13.0931079773504,15.7932692745083,19.1301917952103,17.7844871870276,10.3667982388781,27.4320543818895,5.95650980752862,10.131446445407,8.69669991206418,5.60641601947209,16.895662145781,7.79508654384819,17.0357489886906,27.8232785910267,23.763120115224
"3","augustus_masked-NW_015504334.1-processed-gene-0.14-mRNA-1",156.603705285857,-0.100192760988582,0.15873676949873,-0.631188106605531,0.527917537561219,0.74058430805676,158.751016650722,120.400348490231,179.390236654279,127.190191779975,143.267514133039,142.606884291568,177.844871870276,193.310296572021,144.01828550492,127.072209227277,214.207724845748,105.230068935977,197.826393829944,152.828943955019,149.523932795633,218.625445354862,153.897509706617,112.874820547314
"4","augustus_masked-NW_015504334.1-processed-gene-10.54-mRNA-1",864.874852237555,0.0709395697556097,0.159583884714171,0.444528405124794,0.656660596914889,0.792948645331186,841.509454116021,738.212237712833,904.425776465321,892.201786456593,549.380152620394,874.771497544616,699.152652540021,1092.78249670997,838.963663179455,676.063863154499,1240.37851481626,895.760090942611,510.18385777196,976.876465883337,682.424394702346,1303.23479763483,692.97353240776,1158.45210561717
"5","augustus_masked-NW_015504334.1-processed-gene-11.47-mRNA-1",7.88369082425558,0.292579831135011,0.255611575184423,1.14462668963217,0.252363831427535,0.475037800334184,10.3252693756567,1.21616513626496,6.40679416622423,4.67610999191086,2.25618132492975,22.6084084852485,5.55765224594611,9.7569865777676,14.8590294568568,5.95650980752862,0,3.47867996482567,0,8.4478310728905,0,28.3929149811509,6.0863421917871,11.881560057612
"6","augustus_masked-NW_015504334.1-processed-gene-11.48-mRNA-1",0.877029395281236,0.0872444745851377,0.121052382468454,0.72071670797453,0.471083830526509,NA,0,0,0,5.61133199029304,0,0,0,4.26868162777332,0,0,0,0,0,3.07193857196018,2.83457692503571,0,0,0
"7","augustus_masked-NW_015504334.1-processed-gene-11.49-mRNA-1",0,NA,NA,NA,NA,NA,0,0,0,0,0,0,0,0,0,0,0,0,0,0,0,0,0,0
"8","augustus_masked-NW_015504334.1-processed-gene-11.50-mRNA-1",1.60214874998929,-0.291167953689547,0.175897889061463,-1.65532375199685,0.097858843416006,NA,12.9065867195709,0,0,0,1.12809066246488,0,2.22306089837844,0,1.14300226591206,0,1.447349492201,5.21801994723851,4.0045828710515,0.767984642990045,0,0,0,0
"9","augustus_masked-NW_015504334.1-processed-gene-13.0-mRNA-1",2573.33828874668,-0.0809934060184546,0.140622936550296,-0.57596156079052,0.564641163742382,0.74058430805676,2336.09219624233,2783.8019969105,2679.10776050943,2471.79174172408,2807.81765887508,3119.09081679179,2230.84161152277,2411.80511969193,4146.81222072897,2140.37252417195,2461.94148623391,2320.27953653872,2915.33633012549,2427.59945649153,2094.04370337013,1560.19067821424,3297.05851303667,2116.10584626069
"10","augustus_masked-NW_015504334.1-processed-gene-16.39-mRNA-1",1.46973260137379,0.00368275676912908,0.183105662112103,0.0201127410624494,0.983953436303756,NA,0,0,0,1.87044399676435,1.12809066246488,0,1.11153044918922,1.21962332222095,0,4.96375817294052,0,0.869669991206418,6.40733259368239,0.767984642990045,6.37779808133034,0,1.73895491193917,0
"11","augustus_masked-NW_015504334.1-processed-gene-16.43-mRNA-1",0,NA,NA,NA,NA,NA,0,0,0,0,0,0,0,0,0,0,0,0,0,0,0,0,0,0
"12","augustus_masked-NW_015504334.1-processed-gene-17.1-mRNA-1",618.287113990319,-0.0151311501014713,0.127207073608205,-0.118948967791484,0.905315786431728,0.940836039473005,720.187538952055,667.674659809465,761.34070675298,621.922628924145,769.357831801045,693.904229662628,639.130008283803,416.501364538454,554.356098967351,607.564000367919,648.41257250605,667.906553246529,531.808605275638,453.878924007117,513.767067662722,570.697591121134,663.411298904794,627.346371041912
"13","augustus_masked-NW_015504334.1-processed-gene-17.4-mRNA-1",70.9623125195541,0.0125155202562853,0.269523645146868,0.0464357041827085,0.962962979371965,0.962962979371965,64.5329335978544,36.4849540879489,52.3221523574979,49.5667659142551,113.937156908952,84.3467547334272,100.03774042703,31.7102063777447,34.2900679773619,140.970732111511,31.8416888284221,53.9195394547979,157.780565119429,49.9190017943529,92.1237500636604,107.893076928374,75.6445386693539,0
"14","augustus_masked-NW_015504334.1-processed-gene-2.2-mRNA-1",1120.64375972576,0.214945482763396,0.169518040153045,1.26797998944147,0.204805096682983,0.433489779792655,1211.9284929677,1456.96583324543,1414.83371170785,1227.01126187741,1433.80323199286,1702.58706977372,1192.67217198004,729.334746688128,890.398765145498,709.817418730494,764.20053188213,859.233951311941,1136.50061880441,656.626869756489,1350.67590477951,1622.65509117278,1045.98137953141,766.360623715973
"15","augustus_masked-NW_015504334.1-processed-gene-21.0-mRNA-1",0.418825149241208,-0.0642689637809133,0.0922519735269204,-0.696667630228623,0.486010820851079,NA,0,0,0,0,0,0,6.66918269513533,0,0,0,0,0.869669991206418,0,0,0,0,0,0
"16","augustus_masked-NW_015504334.1-processed-gene-21.1-mRNA-1",1.56122103172659,-0.259468609231584,0.155313266503158,-1.67061459122881,0.0947978285407881,NA,0,0,0,0,0,0,6.66918269513533,7.3177399333257,0,3.97100653835241,1.447349492201,8.69669991206418,0,0,0,0,0,0
"17","augustus_masked-NW_015504334.1-processed-gene-4.65-mRNA-1",1051.65708868491,-0.0361156987215013,0.149967104673502,-0.240824138067678,0.809691420641117,0.894732690626984,845.381430131892,949.824971422937,911.900369659249,740.695822718681,721.97802397752,876.510605889635,1010.381178313,1384.88228238189,1046.99007557545,1130.74411179585,1445.9021427088,1176.66349810228,739.245997996106,1112.80974769258,976.511750674801,1330.20806686692,970.336840862057,1558.86067955869
"18","augustus_masked-NW_015504334.1-processed-gene-5.27-mRNA-1",7.57226588907095,-0.325072808570615,0.259302431811931,-1.25364350152484,0.209971612087067,0.433489779792655,19.3598800793563,6.08082568132482,8.54239222163231,0.935221998382173,5.64045331232438,3.47821669003824,15.5614262886491,4.26868162777332,18.288036254593,3.97100653835241,0,6.08768993844493,13.6155817615751,11.5197696448507,0,8.51787449434528,10.433729471635,0
"19","augustus_masked-NW_015504334.1-processed-gene-8.9-mRNA-1",94.6347021866411,0.830643490925318,0.207432228171638,4.00440904601385,6.21727057553157e-05,0.0013263510561134,60.6609575819831,29.1879632703591,28.8305737480091,110.356195809096,92.5034343221198,104.346500701147,77.8071314432455,46.3456862443961,59.4361178274273,106.224424900927,53.5519312114371,73.0522792613391,115.331986686283,148.989020740069,145.980711639339,120.669888669891,149.550122426769,180.599712875702
"20","maker-NW_015504334.1-augustus-gene-0.1-mRNA-1",2.82490907125968,0.0493082400596415,0.208101289771316,0.236943462069969,0.812700652005208,NA,0,0,1.06779902770404,0,2.25618132492975,0.869554172509559,4.44612179675689,0,8.00101586138445,0,8.68409695320602,0,4.0045828710515,1.53596928598009,7.08644231258926,0,6.95581964775668,5.94078002880599
"21","maker-NW_015504334.1-augustus-gene-0.6-mRNA-1",388.628288668372,0.4111960794859,0.144365934251272,2.84829022593518,0.00439548200827538,0.0468851414216041,273.619638454902,362.417210606959,332.085497615956,365.67180136743,373.398009275874,374.77784835162,355.689743740551,221.361632983102,272.034539287071,383.202130951008,374.86351848006,359.173706368251,411.671119144094,370.936582564192,507.389269581391,678.590668049507,478.212600783272,500.213678425464
"22","maker-NW_015504334.1-augustus-gene-1.1-mRNA-1",57.6036057493931,-0.262597702561006,0.248990626079238,-1.05464895083013,0.291585907210284,0.504364812471842,67.1142509417685,34.052623815419,92.8985154102514,44.8906559223443,34.9708105364111,62.6079004206882,15.5614262886491,142.695928699851,84.5821676774927,41.6955686527004,53.5519312114371,49.5711894987658,60.8696596399827,122.877542878407,46.7705192630891,21.2946862358632,25.214846223118,35.6446801728359
"23","maker-NW_015504334.1-augustus-gene-1.10-mRNA-1",1519.03586607685,-0.23036154211389,0.1128790375012,-2.04078230301566,0.0412724703635977,0.132071905163513,2054.72860575568,1795.05974112709,1879.32628875911,1414.05566155385,1203.67273685002,1279.98374193407,1884.04411137573,1806.87195187034,1341.88466018076,1310.4321576563,1476.29648204502,1470.61195513005,1288.67476790437,1508.32183883245,1257.84351048459,1413.96716606132,1450.28839655727,1506.5818153052
"24","maker-NW_015504334.1-augustus-gene-1.5-mRNA-1",102.380018445804,0.432529001908928,0.172964369541699,2.5006826727088,0.0123954188793503,0.0702025903526146,96.7994003967815,49.8627705868635,116.39009401974,99.1335318285103,127.474244858531,105.216054873657,64.4687660529749,98.1796774387864,122.301242452591,83.3911373054007,65.1307271490452,84.3579891470226,86.4989900147123,115.197696448507,172.909192427178,134.866346160467,120.857366379772,99.8051044839406
"25","maker-NW_015504334.1-augustus-gene-10.37-mRNA-1",20.7007979498575,0.198203934277,0.265444211552114,0.746687724392465,0.455252081366819,0.693717457320868,19.3598800793563,12.1616513626496,5.3389951385202,20.5748839644078,29.3303572240868,11.3042042426243,11.1153044918922,14.0256682055409,16.0020317227689,62.5433529790505,14.47349492201,19.1327398065412,10.4119154647339,26.8794625046516,26.2198365565803,52.5268927151292,6.95581964775668,14.2578720691344
"26","maker-NW_015504334.1-augustus-gene-10.43-mRNA-1",1538.75800738468,-0.0847935700309787,0.166431679115666,-0.509479748576288,0.610415989833349,0.781332466986686,1511.36130486175,1554.25904414662,885.205393966648,1385.99900160238,1322.12225640883,715.643083975367,1362.73633070599,1889.80633778136,1277.87653328969,2128.45950455689,2027.73663857361,1778.47513201713,1419.22416950065,2180.30840144874,1730.5092127343,1758.9410830823,1039.02555988365,1729.9551443883
"27","maker-NW_015504334.1-augustus-gene-10.5-mRNA-1",508.672726102753,0.0103613484139297,0.142520241941269,0.0727008898721877,0.942044140409437,0.956997222003237,499.484906047393,470.655907734541,675.916784536657,640.627068891788,445.595811673626,599.122824859086,509.080945728664,539.68332008277,542.92607630823,423.90494796912,576.045097895999,353.086016429806,479.749027951969,606.707867962136,361.408557942052,562.179716626788,540.814977613082,329.119213595852
"28","maker-NW_015504334.1-augustus-gene-11.12-mRNA-1",72.1809851077587,0.24785174486872,0.188114423074212,1.31755843501134,0.187651507460502,0.428917731338289,54.2076642221977,62.0244219495132,55.52554944061,73.8825378721916,65.4292584229628,70.4338879732743,56.6880529086503,48.1751212277275,61.7221223592514,88.3548954783412,99.8671149618692,86.0973291294354,44.0504115815664,79.1024182279747,63.7779808133034,112.152014175546,66.0802866536885,111.686664541553
"29","maker-NW_015504334.1-augustus-gene-11.17-mRNA-1",752.324006447907,0.41331276293135,0.167380845493527,2.46929546635211,0.0135379385826987,0.0702025903526146,562.72718097329,582.543100270918,475.170567328297,645.303178883699,859.605084798235,699.991108870195,733.610096464887,407.354189621797,438.912870110233,1176.4106869869,642.623174537246,650.513153422401,768.078994667677,910.829786586194,875.884269836033,1033.50210531389,724.274720822665,1354.49784656777
"30","maker-NW_015504334.1-augustus-gene-11.31-mRNA-1",201.240183303825,0.157895804265896,0.165927643712361,0.951594325895517,0.341302760281775,0.574825701527199,184.564190089863,211.612733710104,227.44119290096,233.805499595543,213.209135205861,283.474660238116,140.052836597842,204.286906472009,235.458466777885,216.419856340207,115.78795937608,103.490728953564,261.899719766768,171.26057538678,220.388355921526,234.241548594495,184.329220665552,180.599712875702
"31","maker-NW_015504334.1-augustus-gene-11.32-mRNA-1",1349.43519740921,-0.0128195266187139,0.115253661594496,-0.111228801249001,0.911434913239473,0.940836039473005,1199.02190624813,1368.18577829808,1598.49514447295,1043.7077501945,1202.54464618756,1601.71878576261,1404.97448777518,1747.11040908151,1411.6077984014,1147.62088958385,1392.35021149737,1103.61121884094,1176.54644751493,1393.12414238394,1339.33759707937,1291.87763164237,1261.61178861187,1606.38691978914
"32","maker-NW_015504334.1-augustus-gene-11.37-mRNA-1",3002.76532045627,-0.0409112607704043,0.131904153973087,-0.310159002109606,0.756440045751311,0.864502909430069,2634.23434946441,2873.79821699411,2565.92106357281,2466.18040973379,2965.75035162016,2581.70633818088,2835.51417588171,3180.16781269113,2466.59888983823,3215.52254443087,3747.1878353084,4293.56074658609,2614.19169822242,2529.74141400921,2744.57910766582,3986.36526335359,2417.14732759545,3931.6082230638
"33","maker-NW_015504334.1-augustus-gene-11.39-mRNA-1",225.105520434656,-0.800806775103038,0.182709087329247,-4.38296084124136,1.17077163266961e-05,0.000374646922454275,286.526225174473,280.934146477207,289.373536507795,150.57074173953,137.627060820715,115.650704943771,365.693517783254,182.333686672032,419.481831589727,185.644555667975,311.180140823216,326.126246702407,205.034642997837,139.005220381198,170.074615502142,153.321740898215,260.843236790876,72.4775163514331
"34","maker-NW_015504334.1-augustus-gene-11.5-mRNA-1",138.788556231414,0.10877634352228,0.185564267333881,0.586192293835117,0.557746299686103,0.74058430805676,143.263112587237,103.374036582522,74.7459319392827,194.526175663492,150.036058107828,119.998475806319,106.706923122165,96.9600541165655,118.872235654855,148.912745188216,102.761813946271,236.550237608146,200.229143552575,125.949481450367,158.027663570741,164.678906890675,150.419599882738,102.181416495463
"35","maker-NW_015504334.1-augustus-gene-11.6-mRNA-1",48.5636455287192,0.0486596670214297,0.2198463646754,0.221334872165273,0.824831699171751,0.894732690626984,60.6609575819831,31.6202935428891,25.6271766648969,65.4655398867521,76.7101650476115,56.5210212131213,38.9035657216228,39.6377579721809,56.0071110296911,48.6448300948171,43.4204847660301,83.4883191558162,48.8559110268282,48.3830325083728,38.9754327192409,22.7143319849207,59.9939444619014,28.5157441382687
"36","maker-NW_015504334.1-augustus-gene-12.19-mRNA-1",1414.0290822584,-0.218380490892666,0.132577323364408,-1.64719339137972,0.0995183017539286,0.254766852490057,1472.64154470304,1297.64820039472,1893.20767611926,1412.18521755708,1234.13118473657,1795.62936623224,1301.60215600058,1927.61466077021,1683.64233768847,1133.72236669961,1773.00312794623,1452.34888531472,1212.58769335439,1155.81688770002,1306.0313182102,1169.78809722342,1330.30050763347,900.622252366988
"37","maker-NW_015504334.1-augustus-gene-12.6-mRNA-1",3320.93618202816,-0.225537574835275,0.115216330980613,-1.95751394716106,0.0502870736344327,0.139929248374074,3424.11745670215,4170.23025225256,3096.61718034171,3052.56460271941,2877.7592799479,2767.79093109793,3581.35110728767,4298.56239916774,3673.60928264137,2975.27664886055,3952.71146320094,2956.87797010182,3478.38068179533,4266.1546918097,2454.74361708092,2876.20228759059,3236.1950911188,2637.70633278986
"38","maker-NW_015504334.1-augustus-gene-14.15-mRNA-1",5057.31149502022,0.327452995940369,0.146067299006243,2.24179537903534,0.0249746000352046,0.0940220236619468,4415.34331676519,4689.5327654377,3714.87281738235,5609.46154629627,6339.8695230526,5585.1464500289,4645.08574716176,3171.63044943558,3326.13659380411,7996.61441660717,4240.73401214894,3855.24707101805,4926.43784796755,4861.34279012699,6370.00299478649,4714.64353262011,4797.77660204017,7771.72843368399
"39","maker-NW_015504334.1-augustus-gene-14.2-mRNA-1",1579.60104706189,-0.255890849875762,0.127611675637443,-2.00523070163871,0.0449383893138205,0.136311828917951,2361.90536968147,1293.99970498592,2055.51312833028,1806.84890087436,1229.61882208671,1362.59138832248,1799.56779723735,1675.15263307047,1673.35531729526,1617.19241274402,1961.15856193236,1505.39875477831,1162.93086575335,1428.45143596148,1583.11121263244,1385.57425108017,1278.13186027529,1252.3164300723
"40","maker-NW_015504334.1-augustus-gene-15.0-mRNA-1",41.2863468400316,0.152794188954754,0.266907706043362,0.572460762635048,0.567009860855957,0.74058430805676,24.5225147671847,9.72932109011971,13.8813873601525,19.6396619660256,7.89663463725413,6.08687920756691,35.5689743740551,48.1751212277275,33.1470657114498,71.4781176903435,54.9992807036381,66.9645893228942,20.0229143552575,119.037619663457,46.7705192630891,41.1697267226688,27.8232785910267,96.240636466657
"41","maker-NW_015504334.1-augustus-gene-16.0-mRNA-1",255.568267773097,0.463504543775767,0.21097928274497,2.19691970578954,0.0280261812201402,0.0996486443382762,251.678441031632,367.281871152019,174.051241515758,410.562457289774,676.854397478925,300.865743688307,250.094351067575,104.887605711002,138.30327417536,143.948987015275,191.050132970532,164.367628338013,317.162963387278,166.65266752884,266.450230953356,185.973593126539,277.363308454298,212.679925031254
"42","maker-NW_015504334.1-augustus-gene-16.10-mRNA-1",60.9940561002343,0.054655146296393,0.233139826040955,0.234430758676091,0.8146505818888,0.894732690626984,69.6955682856827,60.8082568132482,65.1357406899464,43.0202119255799,63.173077098033,114.781150771262,30.011322128109,55.4928611610532,91.4401812729651,77.4346274978721,24.6049413674171,56.5285494284172,65.6751590852445,37.6312475065122,55.2742500381963,17.0357489886906,109.554159452168,60.5959562938211
"43","maker-NW_015504334.1-augustus-gene-16.14-mRNA-1",15.4392182881751,0.638780638177383,0.268964311690752,2.37496429976864,0.0175506475881536,0.0702025903526146,6.45329335978543,7.29699081758978,4.27119611081616,12.1578859789682,32.7146292114814,21.738854312739,18.8960176362168,9.7569865777676,17.145033988681,10.9202679804691,4.34204847660301,6.08768993844493,12.8146651873648,9.98380035887059,24.0939038628035,0,26.9538011350572,52.2788642534927
"44","maker-NW_015504334.1-augustus-gene-16.23-mRNA-1",33.3492726444912,0.548787229090783,0.258319013586422,2.12445542227647,0.0336320798357252,0.113287005762443,34.8477841428413,24.3233027252993,39.5085640250494,27.121437953083,89.1191623347252,46.9559253155162,18.8960176362168,12.1962332222095,10.2870203932086,45.6665751910528,7.23674746100502,16.5237298329219,36.0412458394634,13.0557389308308,82.9113750572944,42.5893724717264,30.4317109589355,22.5749641094628
"45","maker-NW_015504334.1-augustus-gene-16.24-mRNA-1",274.564389479676,0.479823093182529,0.182139678453962,2.63436883854942,0.00842938643247549,0.0652148786921719,237.481195640104,226.206715345283,235.983585122593,328.262921432143,394.831731862706,419.125111149607,271.21342960217,101.838547405449,112.014222059382,343.492065567484,206.970977384743,198.284757995063,341.190460613587,225.019500396083,330.936855997919,264.054109324704,354.746802035591,350.506021699553
"46","maker-NW_015504334.1-augustus-gene-16.36-mRNA-1",5.69539403489634,0.330315287200045,0.25657950853547,1.28737984216063,0.197961926812808,0.433489779792655,1.29065867195709,4.86466054505985,7.47459319392827,2.80566599514652,25.9460852366921,16.5215292776816,0,1.82943498333142,6.85801359547238,2.97825490376431,5.78939796880401,4.34834995603209,4.80549944526179,1.53596928598009,2.83457692503571,5.67858299623019,6.95581964775668,0
"47","maker-NW_015504334.1-augustus-gene-16.5-mRNA-1",5.70674287409374,0.298458141809251,0.253112189705926,1.17915356884238,0.238337030926923,0.471191076469072,5.16263468782835,1.21616513626496,1.06779902770404,1.87044399676435,20.3056319243678,11.3042042426243,1.11153044918922,6.09811661110475,2.28600453182413,0,2.89469898440201,11.3057098856834,9.61099889052359,3.07193857196018,7.79508654384819,2.83929149811509,14.781116751483,0
"48","maker-NW_015504334.1-augustus-gene-17.22-mRNA-1",407.190226127557,0.0851347766614181,0.174285554568243,0.488478674393425,0.625210827405856,0.784578293215192,326.536644005143,440.251779327917,312.865115117283,460.129223204029,392.575550537777,221.736313989937,467.954319108663,248.803157733074,250.317496234742,678.049366423675,373.416168987859,390.481826051682,461.327946745132,522.229557233231,415.265519517731,388.982935241768,367.788963875135,610.712186961256
"49","maker-NW_015504334.1-augustus-gene-17.32-mRNA-1",185.459081734874,-0.264342495659149,0.168756390718077,-1.56641472678067,0.117251557494513,0.288619218448033,169.076286026378,262.691669433232,214.627604568512,184.238733681288,204.184409906142,166.084846949326,347.909030596227,184.163121655363,142.875283239008,166.782274610801,199.734229923738,147.843898505091,185.011728642579,162.81274431389,107.005278920098,211.527216609574,139.116392955134,142.578720691344
"50","maker-NW_015504334.1-augustus-gene-17.35-mRNA-1",0.976113578352179,0.0778663582910567,0.139195653092498,0.559402226729833,0.575887242039523,NA,1.29065867195709,0,0,0.935221998382173,0,6.95643338007647,4.44612179675689,0,0,0,0,0.869669991206418,0,3.07193857196018,0,0,0,0
"51","maker-NW_015504334.1-augustus-gene-18.2-mRNA-1",0,NA,NA,NA,NA,NA,0,0,0,0,0,0,0,0,0,0,0,0,0,0,0,0,0,0
"52","maker-NW_015504334.1-augustus-gene-18.3-mRNA-1",0,NA,NA,NA,NA,NA,0,0,0,0,0,0,0,0,0,0,0,0,0,0,0,0,0,0
"53","maker-NW_015504334.1-augustus-gene-2.29-mRNA-1",3912.83364745208,-0.134993918335006,0.159350056963291,-0.84715324806005,0.396909708547253,0.651339008898056,4229.48846800337,4396.43696759784,6201.77675290506,3448.16350803507,3992.31285446319,5486.01727436281,3487.98254955578,4852.88119911716,5154.94021926341,3417.05112625225,2997.46079834828,2951.65995015458,3230.89746036435,3449.01903166829,4093.83772398282,2106.7542916014,4382.16637808671,2552.15910037505
"54","maker-NW_015504334.1-augustus-gene-2.7-mRNA-1",561.758314388145,0.314889612302537,0.132344386328662,2.37931975082452,0.0173446233804356,0.0702025903526146,442.695924481281,619.028054358867,518.950327464163,633.145292904731,870.885991422884,558.253778751137,411.266266200012,404.914942977355,552.070094435527,498.361320563228,421.178702230492,656.600843360846,504.577441752488,543.733127236952,565.498096544623,479.840263181451,735.577927750269,695.071263370301
"55","maker-NW_015504334.1-augustus-gene-2.8-mRNA-1",301.307523969715,0.194816456001131,0.146785944337708,1.32721465178519,0.184437686999382,0.428917731338289,277.491614470774,346.607063835515,259.475163732082,294.594929490384,337.299108076998,248.692493337734,220.083028939466,209.165399760893,251.460498500654,320.658777971957,243.154714689769,423.529285717526,262.700636340978,294.906102908177,345.109740623097,289.607732807739,335.61829800426,463.380842246867
"56","maker-NW_015504334.1-augustus-gene-20.0-mRNA-1",368.335906585779,-0.0660717421856787,0.147802301372119,-0.447027830908608,0.654854965414064,0.792948645331186,308.467422597744,538.761155365379,426.051812053912,442.360005234768,360.98901198876,446.950844669913,371.2511700292,290.880162349696,354.33070243274,364.339849893834,267.759656057186,477.448825172324,367.620707562527,399.352014354823,325.976346379106,234.241548594495,366.919486419165,286.345597388449
"57","maker-NW_015504334.1-augustus-gene-22.2-mRNA-1",80.4700192933032,-0.538062104012831,0.206500687076724,-2.60561895279756,0.00917084231608667,0.0652148786921719,96.7994003967815,93.6447154924022,114.254495964332,0,0,0,120.045288512436,140.256682055409,141.732280973096,303.78200018396,254.733510627377,162.6282883556,0,0,0.708644231258926,19.8750404868056,0,0
"58","maker-NW_015504334.1-augustus-gene-22.6-mRNA-1",162.624197472236,-1.77678835090477,0.265604660721013,-6.68959778823717,2.23784805225109e-11,1.4322227534407e-09,138.100477899408,243.233027252993,238.119183178001,3.74088799352869,0,2.60866251752868,344.574439248659,292.709597333028,188.595373875491,693.933392577084,438.546896136904,335.692616605677,4.0045828710515,0.767984642990045,0,0,2.60843236790876,0
"59","maker-NW_015504334.1-augustus-gene-3.1-mRNA-1",468.179058036512,-0.107157931412978,0.168990808009578,-0.63410508935435,0.526012241607859,0.74058430805676,441.405265809324,439.035614191652,416.441620804575,389.052351326984,379.038462588198,399.994919354397,689.148878497318,584.199571343835,476.631944885331,467.586019890997,418.28400324609,402.657205928572,519.794856662484,867.054661935761,233.143952084187,350.652500017214,505.166401918329,447.934814171972
"60","maker-NW_015504334.1-augustus-gene-3.14-mRNA-1",108.462860944475,-0.401542757385886,0.202025070201793,-1.9875887531424,0.0468571911905458,0.136311828917951,156.169699306808,154.45297230565,66.2035397176504,124.384525784829,47.3798078235248,47.8254794880257,134.495184351896,177.455193383148,102.870203932086,85.3766405745769,96.9724159774672,132.189838663376,135.354901041541,122.109558235417,60.2347596570087,80.9198076962801,126.943708571559,100.993260489702
"61","maker-NW_015504334.1-augustus-gene-4.13-mRNA-1",224.468971171915,0.127147291826884,0.157052599495355,0.809584128091078,0.418179233301584,0.669086773282534,187.145507433778,295.528128112386,199.678418180655,227.258945606868,288.791209591008,287.822431100664,224.529150736223,165.868771822049,168.021333089073,244.216902108673,221.444472306754,163.497958346807,277.117134676763,178.17243717369,206.215471296348,180.295010130308,192.154517769278,332.683681613135
"62","maker-NW_015504334.1-augustus-gene-4.16-mRNA-1",13125.2638645684,-0.134997292382966,0.122030961671785,-1.10625443357609,0.268616408286938,0.491184289438972,10451.7539255085,11744.5067209108,14374.7105109518,8981.87207246239,10467.5532570116,12300.7133243202,10419.4864306998,15742.897843228,13671.4501025742,16814.2344350187,16682.1502471088,14568.7116926899,12517.5251383328,15328.2054894383,13721.4782498666,13791.8584520941,12626.5516155903,12049.0900544243
"63","maker-NW_015504334.1-augustus-gene-4.2-mRNA-1",578.409601755028,0.188094937912548,0.17363560647062,1.08327399970452,0.278686822332155,0.495443239701609,687.921072153127,766.184035846927,736.781329115787,929.61066639188,802.072461012526,769.55544267096,543.53838965353,500.6553737717,445.770883705705,482.477294409818,354.600625589246,451.358725436131,434.897699796192,579.828405457484,539.278259988043,288.188087058682,672.10607346449,426.54800606827
"64","maker-NW_015504334.1-augustus-gene-4.26-mRNA-1",30.6652442612719,0.187383698506663,0.245350266336277,0.76373953574534,0.445022475374536,0.693717457320868,19.3598800793563,21.8909724527693,19.2203824986727,57.0485419013125,15.7932692745083,38.2603835904206,32.2343830264874,35.3690763444075,46.8630929023946,18.862281057174,49.2098827348341,29.5687797010182,10.4119154647339,41.4711707214624,31.1803461753928,14.1964574905755,46.082305166388,24.9512761209852
"65","maker-NW_015504334.1-augustus-gene-4.31-mRNA-1",1091.60065897143,0.0517316036286596,0.132144506975682,0.391477518155028,0.695444303317243,0.824230285413028,1179.66202616878,1124.95275104509,975.968311321492,999.752316270543,999.48832694388,854.771751576896,1108.19585784165,1042.77794049891,774.955536288379,945.099556127875,1259.19405821487,1089.69649898164,1225.40235854176,1019.11562124779,1087.06025075119,1783.07506081628,932.079832799396,1247.56380604926
"66","maker-NW_015504334.1-augustus-gene-4.36-mRNA-1",1108.04123821598,0.270632223080985,0.112279129112671,2.41035199702526,0.0159371360719927,0.0702025903526146,1143.52358335398,1138.33056754401,1180.98572464067,1190.53760394051,1062.66140404191,1159.98526612775,1057.06545717895,1062.90172531556,814.960615595302,1027.49794179869,1034.85488692372,739.219492525456,905.836645431848,1127.40145590939,1337.92030861685,1409.70822881414,1094.67211706571,1456.67926306323
"67","maker-NW_015504334.1-augustus-gene-4.47-mRNA-1",623.440603306811,0.0230993208476441,0.1335165700303,0.173007146921179,0.862645809906508,0.920155530566942,700.827658872698,715.105100123799,653.493004954872,592.930746974297,717.465661327661,572.16664551129,709.156426582724,589.687876293829,739.522466045105,565.868431715219,503.677623285949,392.221166034095,619.108511864561,536.053280807051,629.984721589185,455.706285447472,807.744556595745,721.210695497047
"68","maker-NW_015504334.1-augustus-gene-4.51-mRNA-1",1701.27166094076,-0.315435646896563,0.130258716477527,-2.42160874470911,0.015451977092106,0.0702025903526146,1506.19867017392,1799.92440167215,2117.44547193711,1123.20162005699,1200.28846486263,1403.46043443043,1921.83614664816,2491.6904472974,1874.52371609578,1534.79402707321,2153.65604439509,2083.72929893058,1259.8417712328,1699.55001493697,1358.47099132336,1731.96781385021,1618.0975455594,1744.21301645744
"69","maker-NW_015504334.1-augustus-gene-4.57-mRNA-1",206.292220292141,-0.488569910168513,0.159094222235107,-3.07094690997963,0.00213381087981514,0.0273127792616338,243.934488999889,194.586421802394,262.678560815194,136.542411763797,151.164148770293,166.954401121835,193.406298158925,324.419803710773,226.314448650589,201.528581821385,328.548334729628,269.59769727399,151.373232525746,148.989020740069,208.341403990124,200.170050617114,193.023995225248,111.686664541553
"70","maker-NW_015504334.1-augustus-gene-5.12-mRNA-1",1897.5398630871,-0.503544238332695,0.147145083359916,-3.42209353404646,0.000621409326134529,0.00994254921815247,2389.00920179257,2885.95986835676,1964.75021097543,1934.03909265433,2037.33173641157,1161.72437447277,2646.55399951954,2381.92434829751,2044.83105371668,1478.20718390169,2671.80716260305,1406.25637578078,2208.12699509779,1679.58241421923,1169.26298157723,1429.58326930095,1541.58352943407,1125.18373745585
"71","maker-NW_015504334.1-augustus-gene-5.21-mRNA-1",2830.56442684425,-0.108890831158076,0.173377896829895,-0.628054862523285,0.529968000741771,0.74058430805676,1941.15064262346,1793.84357599082,2537.0904898248,1777.85701892451,1704.54499098443,1946.9317922489,2778.82612297306,2778.30192801932,3304.41955075178,4794.99039506054,3848.50229976247,3170.8167879386,2427.57813643142,4476.58248398897,2536.94634790696,3520.72145766271,2948.39805319286,2662.65760891084
"72","maker-NW_015504334.1-augustus-gene-6.11-mRNA-1",15.5130641120661,-0.155714936915352,0.268058073478391,-0.580900007579531,0.561307847251067,0.74058430805676,7.74395203174252,19.4586421802394,3.20339708311212,3.74088799352869,5.64045331232438,5.21732503505735,3.33459134756767,5.48830494999427,8.00101586138445,23.8260392301145,23.1575918752161,32.1777896746375,44.8513281557767,39.9352014354823,2.83457692503571,14.1964574905755,4.34738727984793,32.0802121555523
"73","maker-NW_015504334.1-augustus-gene-6.3-mRNA-1",0,NA,NA,NA,NA,NA,0,0,0,0,0,0,0,0,0,0,0,0,0,0,0,0,0,0
"74","maker-NW_015504334.1-augustus-gene-6.4-mRNA-1",287.919265401877,-0.297447893486811,0.178679105422293,-1.66470440281094,0.0959717441699636,0.254766852490057,305.88610525383,437.819449055387,140.949471656933,191.720509668345,367.757555963549,120.868029978829,393.481779012985,329.298296999656,308.610611796257,240.245895570321,286.575199455799,317.429546790343,414.073868866725,248.827024328775,284.166336734829,272.571983819049,247.801074951332,274.464037330837
"75","maker-NW_015504334.1-augustus-gene-6.6-mRNA-1",21319.6622067477,-0.372508871411458,0.133360079399712,-2.79325622096369,0.00521803428056615,0.0477077419937476,27404.5555816648,29999.1454162479,27405.0620460242,19083.2048769882,20213.1284900456,21308.4249973467,24154.668191331,24502.2325434189,27493.7765042488,13830.0230214469,23169.1706711537,20919.0419684792,19944.4245309849,14874.3265654312,13924.1505000066,19329.8965191675,21816.0588477329,14382.6284497393
"76","maker-NW_015504334.1-augustus-gene-8.8-mRNA-1",87.9354604758012,0.478958377113197,0.189143944859432,2.5322427184711,0.0113335508672446,0.0702025903526146,50.3356882063264,80.2668989934876,73.6781329115787,110.356195809096,102.656250284304,103.476946528637,80.030192341624,47.565309566617,37.7190747750981,114.166437977632,63.6833776568442,75.6612892349584,103.318238073129,77.5664489419946,131.099182782901,80.9198076962801,133.899528219316,116.439288564597
"77","maker-NW_015504334.1-augustus-gene-9.1-mRNA-1",2200.59647553205,-0.191434962776919,0.16395237915539,-1.16762540295607,0.242957898804365,0.471191076469072,1924.37207988802,1621.1481266412,1533.359403783,1880.73143874655,1587.22356208808,1638.24006100801,2060.77745279682,2971.00241293023,1945.38985658233,2299.21278570605,3349.16672495312,3685.6614227328,2045.5409305331,2234.06732645804,1982.78655906248,2897.49697382645,1321.60573307377,2632.95370876681
